requested_n_clusters,law,effective_n_clusters,was_clamped,n_train_queries,n_train_core,n_val,n_test_queries,train_time_seconds,soft_cos_mean,soft_cos_p10,soft_cos_p50,soft_cos_p90,soft_mse,soft_r2_overall
100,ABGB,100,False,477,453,24,60,5.538689851760864,0.9365670680999756,0.9068165957927704,0.9413814842700958,0.9619779527187348,0.00011985158926108852,0.877191431020799
100,APG,100,False,477,453,24,60,5.383932113647461,0.9410780072212219,0.9158810794353485,0.9417754411697388,0.9718078553676606,0.00011152690422022715,0.8857174495588337
100,ASVG,100,False,477,453,24,60,5.144965887069702,0.9396229386329651,0.9121789038181305,0.9403060972690582,0.9664387881755829,0.00011433133477112278,0.8828467159786051
100,AVG,100,False,477,453,24,60,5.336254119873047,0.9464340806007385,0.9232769906520844,0.9469669759273529,0.9686926603317261,0.00010198224481428042,0.8954977092114816
100,AVRAG,100,False,477,453,24,60,5.377496719360352,0.9443116784095764,0.9220303297042847,0.9455186128616333,0.963771915435791,0.00010572587052593008,0.8916638122001975
100,AWG,100,False,477,453,24,60,5.152894973754883,0.9384604096412659,0.893341863155365,0.9423602521419525,0.9640122413635254,0.00011633017129497603,0.8807958979550534
100,AZG,100,False,477,453,24,60,5.263218879699707,0.9415217638015747,0.9197007179260254,0.9409695267677307,0.9614675998687744,0.0001109764416469261,0.886284127710111
100,AktG,100,False,477,453,24,60,5.180742979049683,0.938403844833374,0.9080131709575653,0.9365628659725189,0.9722363889217377,0.00011643787729553878,0.8806862203689931
100,AlVG,100,False,477,453,24,60,5.131586074829102,0.9393836855888367,0.9095210134983063,0.9383687376976013,0.9684169232845307,0.0001146817157859914,0.8824861182676453
100,AngG,100,False,477,453,24,60,5.148902893066406,0.9413431882858276,0.9101621091365815,0.9411703050136566,0.9668123483657837,0.00011117186659248546,0.886082707133817
100,ArbVG,100,False,477,453,24,60,5.133564710617065,0.9376834034919739,0.8951264977455139,0.9393567442893982,0.9684510886669159,0.00011776311293942854,0.8793307806726453
100,AsylG,100,False,477,453,24,60,5.108323097229004,0.9416932463645935,0.9191766858100892,0.9426528811454773,0.9674925208091736,0.00011053142952732742,0.8867389913112831
100,AußStrG,100,False,477,453,24,60,5.1162428855896,0.9485862255096436,0.9213441014289856,0.9498836696147919,0.9738953053951264,9.783935092855245e-05,0.899743820152662
100,AÜG,100,False,477,453,24,60,5.123577833175659,0.9350766539573669,0.9044872045516967,0.9370417892932892,0.9668454587459564,0.0001225163578055799,0.8744578647764447
100,B-VG,100,False,477,453,24,60,5.117021083831787,0.9375063180923462,0.9136030733585357,0.940457671880722,0.9612426817417145,0.00011831627489300445,0.8787616262084283
100,BAO,100,False,477,453,24,60,5.130820035934448,0.9431830048561096,0.918609482049942,0.9433432519435883,0.9713967263698577,0.00010767800995381549,0.8896633862330453
100,BEinstG,100,False,476,452,24,60,5.123512029647827,0.9353926181793213,0.9080650568008423,0.9338815212249756,0.9659617662429809,0.0001220595877384767,0.8749273768386893
100,BWG,100,False,476,452,24,60,5.1247718334198,0.9392251372337341,0.9078672051429748,0.9404502213001251,0.9682750046253205,0.00011491775512695312,0.8822445453931219
100,DSG,100,False,476,452,24,60,5.126830101013184,0.9431051015853882,0.9097517788410187,0.9424838125705719,0.9686191380023956,0.00010784524056361988,0.8894930359970905
100,DSGVO,100,False,476,452,24,60,5.117339134216309,0.935728132724762,0.9025348722934723,0.9405247867107391,0.9592057824134826,0.00012159984180470929,0.8754012792585543
100,ECG,100,False,476,452,24,60,5.133110046386719,0.9399797320365906,0.9208941042423249,0.9379649460315704,0.9659733295440673,0.00011368920240784064,0.8835069867137891
100,EKHG,100,False,476,452,24,60,5.12984299659729,0.9484846591949463,0.9275720477104187,0.9500415921211243,0.9704258859157562,9.797551319934428e-05,0.8996037401088118
100,EO,100,False,476,452,24,60,5.1298909187316895,0.9430350065231323,0.9197694301605225,0.9428694844245911,0.9629678308963776,0.00010801061580423266,0.889322117091382
100,EStG,100,False,476,452,24,60,5.124603271484375,0.9434307813644409,0.9173549950122833,0.9442895650863647,0.9687709987163544,0.0001071719016181305,0.8901814979577838
100,EheG,100,False,476,452,24,60,5.110526084899902,0.9442793726921082,0.9229500830173493,0.9468643367290497,0.9641775608062744,0.00010594206833047792,0.8914388912736939
100,ElWOG,100,False,476,452,24,60,5.405865907669067,0.9456775784492493,0.9251820623874665,0.9468249976634979,0.9765249490737915,0.00010308840865036473,0.894366940918829
100,FAGG,100,False,476,452,24,60,5.128270149230957,0.9468106031417847,0.9187693417072296,0.9495746195316315,0.9760003030300141,0.00010092961747432128,0.8965791112084932
100,FPG,100,False,476,452,24,60,5.087752103805542,0.936303973197937,0.8961426317691803,0.9418952167034149,0.9689835369586944,0.00012029663048451766,0.8767320307033499
100,FSG,100,False,476,452,24,60,5.087625026702881,0.9341654181480408,0.9076832115650177,0.9382010996341705,0.9591240048408508,0.00012431737559381872,0.8726129945120314
100,FinStrG,100,False,476,452,24,60,5.086621999740601,0.9441612362861633,0.9117141425609588,0.948415070772171,0.9701623857021332,0.00010588981967885047,0.891494129399181
100,GSVG,100,False,476,452,24,60,5.126977920532227,0.9447140097618103,0.9225671350955963,0.9425336122512817,0.9677602291107178,0.00010497682524146512,0.8924317978318275
100,GewO,100,False,476,452,24,60,5.092084884643555,0.9393266439437866,0.9110820293426514,0.9438503384590149,0.9587744116783142,0.00011503882706165314,0.8821204837918926
100,GlBG,100,False,476,452,24,60,5.107990026473999,0.9437824487686157,0.9146731913089752,0.9479756951332092,0.9683557391166687,0.00010661616397555918,0.8907544326983925
100,GmbHG,100,False,476,452,24,60,5.102529048919678,0.9467925429344177,0.9224297642707825,0.9475987255573273,0.9666566729545594,0.00010129365546163172,0.8962028050622055
100,GrEStG,100,False,476,452,24,60,5.113288879394531,0.942909300327301,0.9103643834590912,0.9428167045116425,0.9714124321937561,0.00010814402048708871,0.8891828663223651
100,IG-L,100,False,476,452,24,60,5.113977909088135,0.9412712454795837,0.9105467557907104,0.9412457644939423,0.9736425757408143,0.00011127586185466498,0.8859758002331097
100,IO,100,False,476,452,24,60,5.109677076339722,0.9427337050437927,0.9163999438285828,0.9436240196228027,0.9663891673088074,0.00010873589781112969,0.8885750175808016
100,KAKuG,100,False,476,452,24,60,5.361459970474243,0.9335116744041443,0.9069035053253174,0.9343701899051666,0.9544338524341583,0.0001256161485798657,0.8712829683193665
100,KBGG,100,False,476,452,24,60,5.254525184631348,0.9448152184486389,0.9242980718612671,0.9444050192832947,0.9702817022800445,0.00010471662972122431,0.892697426965315
100,KFG,100,False,476,452,24,60,5.156716823577881,0.89632648229599,0.730402135848999,0.9396355748176575,0.9668672502040863,0.00031404278706759214,0.6782040012156707
100,KJBG,100,False,476,452,24,60,5.18855619430542,0.9539834856987,0.9278016328811646,0.9539623260498047,0.9793662786483764,8.76660124049522e-05,0.9101697299423269
100,KSchG,100,False,476,452,24,60,5.173533916473389,0.9383016228675842,0.9060616910457611,0.9390808939933777,0.9695498168468475,0.00011664263729471713,0.880480183201771
100,KStG,100,False,476,452,24,60,6.053035020828247,0.9316596984863281,0.8962197422981262,0.9338362812995911,0.9637087523937226,0.0001287964842049405,0.8680208592462143
100,KartG,100,False,476,452,24,60,5.38651704788208,0.9409083127975464,0.9171575963497162,0.9414224624633789,0.9649690568447113,0.00011186706251464784,0.8853688797122949
100,KommStG,100,False,476,452,24,59,5.161841869354248,0.9389100074768066,0.914165735244751,0.9412790536880493,0.9691588521003723,0.00011552853538887575,0.8816167559967857
100,MRG,100,False,476,452,24,59,6.883419036865234,0.9338000416755676,0.9026511907577515,0.9363835453987122,0.9598445057868957,0.00012486842751968652,0.8720466356811998
100,MSchG,100,False,476,452,24,59,5.925389051437378,0.9486742615699768,0.9240425109863282,0.951278805732727,0.9692654967308044,9.75642105913721e-05,0.9000267742930813
100,MeldeG,100,False,476,452,24,59,5.363754987716675,0.944206178188324,0.9039495825767517,0.9484471678733826,0.9761581897735596,0.00010572066821623594,0.8916692195961465
100,NAG,100,False,476,452,24,59,5.3252599239349365,0.9423621296882629,0.9122141003608704,0.9421009421348572,0.9765969276428222,0.00010908312833635136,0.8882228393873567
100,NoVAG,100,False,476,452,24,59,5.374112129211426,0.9406355023384094,0.9172435641288758,0.9411888122558594,0.960565733909607,0.00011247191287111491,0.884750132376256
100,PSG,100,False,476,452,24,59,5.405647039413452,0.9297860860824585,0.9017065763473511,0.9312736392021179,0.9566563963890076,0.0001323349861195311,0.8643970634600269
100,PatG,100,False,476,452,24,59,5.552867889404297,0.9441720843315125,0.9069438934326172,0.9458048939704895,0.972925341129303,0.00010582378308754414,0.891564672926353
100,SH-GG,100,False,476,452,24,59,5.187288761138916,0.9498128890991211,0.9306514382362365,0.9512622356414795,0.9752207279205323,9.560844046063721e-05,0.9020296876087774
100,SMG,100,False,476,452,24,59,5.151427984237671,0.9369952082633972,0.9089829802513123,0.9378631711006165,0.9655381441116333,0.00011899168021045625,0.8780704648550137
100,SPG,100,False,476,452,24,59,5.168159008026123,0.9407684803009033,0.9128215551376343,0.9419071078300476,0.9671616792678833,0.00011224795889575034,0.8849816915167438
100,SchUG,100,False,476,452,24,59,5.149774074554443,0.9354603886604309,0.9051783442497253,0.9353591799736023,0.9683046817779541,0.00012173034338047728,0.8752658706199726
100,StGB,100,False,476,452,24,59,5.1861350536346436,0.9292939901351929,0.898829174041748,0.9292528629302979,0.9664480566978455,0.00013311907241586596,0.8635985288843857
100,StPO,100,False,476,452,24,59,5.095734119415283,0.9505003094673157,0.9226519107818604,0.9519994854927063,0.9784598588943482,9.411832434125245e-05,0.9035575759105022
100,StVO,100,False,476,452,24,59,5.223042011260986,0.957673966884613,0.934928584098816,0.9638713002204895,0.9779216170310974,8.078155224211514e-05,0.9172224584513662
100,StbG,100,False,476,452,24,59,5.073933124542236,0.9347206354141235,0.8972432017326355,0.9348421692848206,0.9689250230789185,0.0001231609785463661,0.8737967463699636
100,TKG,100,False,476,452,24,59,5.082221984863281,0.9516739845275879,0.9305672407150268,0.9517486691474915,0.973576819896698,9.196594328386709e-05,0.9057645882678185
100,TSchG,100,False,476,452,24,59,5.076752185821533,0.9442721605300903,0.9183977246284485,0.942488431930542,0.9734067797660828,0.00010575284977676347,0.8916375161657581
100,UG,100,False,476,452,24,59,5.071446180343628,0.9362339377403259,0.8985973358154297,0.9335724711418152,0.9631616592407227,0.00012046869233017787,0.8765585011189952
100,UGB,100,False,476,452,24,59,5.065453052520752,0.9409927129745483,0.9146973609924316,0.9390037655830383,0.9633871436119079,0.00011187679774593562,0.8853586927863533
100,UStG,100,False,476,452,24,59,5.063489198684692,0.9369111657142639,0.9065870523452759,0.9363746643066406,0.9695214867591858,0.00011916963558178395,0.8778862056467177
100,UVP-G,100,False,476,452,24,59,5.064388036727905,0.9369529485702515,0.9090283870697021,0.9361249208450317,0.9704045295715332,0.00011924715363420546,0.877807852972396
100,UWG,100,False,476,452,24,59,5.049853801727295,0.9374891519546509,0.9137362241744995,0.9363043904304504,0.9635644316673279,0.00011823521344922483,0.8788471566744531
100,UrhG,100,False,476,452,24,59,5.0675530433654785,0.9412388801574707,0.9111765265464783,0.9412217736244202,0.9691349506378174,0.00011146496399305761,0.8857856249055005
100,UrlG,100,False,476,452,24,59,5.0645201206207275,0.9418531060218811,0.907189404964447,0.9465952515602112,0.9723838806152344,0.00011011444439645857,0.8871673403682456
100,VKG,100,False,476,452,24,59,5.0623619556427,0.9585720896720886,0.9403499126434326,0.9585084915161133,0.9775678873062134,7.922333315946162e-05,0.918820614624307
100,VStG,100,False,476,452,24,59,5.053712844848633,0.9505372047424316,0.931588613986969,0.9505581855773926,0.9744993567466735,9.417930414201692e-05,0.9034928131529766
100,VbVG,100,False,476,452,24,59,5.067704200744629,0.940680742263794,0.9079262852668762,0.94428950548172,0.9644319772720337,0.0001123245747294277,0.8848997173027501
100,VerG,100,False,476,452,24,59,5.062633991241455,0.9395174980163574,0.9177707076072693,0.9377666711807251,0.9667615175247193,0.0001145653150160797,0.8826048601306347
100,VersG,100,False,476,452,24,59,5.061578989028931,0.9303061366081238,0.9041787505149841,0.9306690692901611,0.961466372013092,0.0001314012915827334,0.8653558841662186
100,VersVG,100,False,476,452,24,59,5.067943096160889,0.9366860389709473,0.9087311387062073,0.9368947148323059,0.9622283697128297,0.00011980738781858236,0.8772346449047175
100,VfGG,100,False,476,452,24,59,5.064429998397827,0.9390867948532104,0.90868581533432,0.9417809844017029,0.968371045589447,0.00011513615754665807,0.8820197007044691
100,VwGG,100,False,476,452,24,59,5.20544695854187,0.9430862665176392,0.9171996951103211,0.9409090876579285,0.9709579229354859,0.0001082013695850037,0.8891240922336721
100,VwGVG,100,False,476,452,24,59,5.090963125228882,0.9534352421760559,0.9234158396720886,0.9568043351173401,0.9758032083511353,8.868833538144827e-05,0.9091206153991879
100,WEG,100,False,476,452,24,59,5.0848822593688965,0.945232629776001,0.9182737946510315,0.9472132325172424,0.9671875715255738,0.00010399908933322877,0.893430312223362
100,WGG,100,False,476,452,24,59,5.081336975097656,0.9417051672935486,0.9102916240692138,0.9450855255126953,0.9722552537918091,0.0001105809715227224,0.8866876449201426
100,WRG,100,False,476,452,24,59,5.096905946731567,0.9402677416801453,0.9092864513397216,0.9424228072166443,0.9708282589912415,0.0001130252712755464,0.8841820528509583
100,WaffG,100,False,476,452,24,59,5.094866037368774,0.9387145638465881,0.9084078073501587,0.9377772808074951,0.9678977489471435,0.0001157243168563582,0.8814185673782974
100,ZPO,100,False,476,452,24,59,5.119025230407715,0.9414416551589966,0.9159276723861695,0.9472326040267944,0.9664516687393189,0.00011092704517068341,0.8863300303923796
100,ZustG,100,False,476,452,24,59,5.117984056472778,0.9431403279304504,0.914386534690857,0.9453216195106506,0.9689702153205871,0.00010776601993711665,0.8895732294346302
200,ABGB,200,False,477,453,24,60,11.153333902359009,0.9437792301177979,0.9075916349887848,0.9501185715198517,0.9739177882671356,0.00010638975072652102,0.8909854023886132
200,APG,200,False,477,453,24,60,10.758820056915283,0.951421320438385,0.9248179912567138,0.9508724510669708,0.9788738548755646,9.254910401068628e-05,0.9051641607233394
200,ASVG,200,False,477,453,24,60,10.670459985733032,0.9496504068374634,0.9243051886558533,0.9512251913547516,0.977036714553833,9.584955842001364e-05,0.9017846577285598
200,AVG,200,False,477,453,24,60,10.515199184417725,0.9570717215538025,0.9300741314888,0.9579063653945923,0.984871119260788,8.202622848330066e-05,0.9159468506652232
200,AVRAG,200,False,477,453,24,60,11.307401895523071,0.9579018950462341,0.9339798212051391,0.9582419395446777,0.9847954571247101,8.042170520639047e-05,0.9175927247241819
200,AWG,200,False,477,453,24,60,10.592222929000854,0.9518406987190247,0.9176948428153991,0.9507238864898682,0.9850954174995422,9.15333439479582e-05,0.9062053233976037
200,AZG,200,False,477,453,24,60,10.336281061172485,0.9519606232643127,0.9320023596286774,0.9533064067363739,0.9747386813163758,9.15239579626359e-05,0.906216795904907
200,AktG,200,False,477,453,24,60,10.267857074737549,0.9523494839668274,0.9221713960170745,0.9519543051719666,0.9803380072116852,9.079395385924727e-05,0.9069635212315124
200,AlVG,200,False,477,453,24,60,10.247386932373047,0.952511727809906,0.9160019338130951,0.9525201320648193,0.9835799098014831,9.039058204507455e-05,0.9073771441953755
200,AngG,200,False,477,453,24,60,10.211702108383179,0.9521300792694092,0.9139357805252075,0.9561112523078918,0.9794834971427917,9.109881648328155e-05,0.906651469302614
200,ArbVG,200,False,477,453,24,60,10.210176706314087,0.9493366479873657,0.9081044316291809,0.9522033929824829,0.9787875711917877,9.62789126788266e-05,0.9013451649166828
200,AsylG,200,False,477,453,24,60,10.245380878448486,0.9532927870750427,0.9281197905540466,0.9556058645248413,0.9784721493721008,8.918197272578254e-05,0.9086156699232999
200,AußStrG,200,False,477,453,24,60,10.207641124725342,0.9588506817817688,0.9322172105312347,0.9592589437961578,0.9851925551891327,7.864470535423607e-05,0.9194126107084271
200,AÜG,200,False,477,453,24,60,10.20532488822937,0.948247492313385,0.9147399723529815,0.9481880962848663,0.9776033282279968,9.818561375141144e-05,0.899389500228465
200,B-VG,200,False,477,453,24,60,10.212879180908203,0.9457896947860718,0.9136967957019806,0.9462508857250214,0.9773085534572601,0.00010293871309841052,0.8945189750104594
200,BAO,200,False,477,453,24,60,10.548213005065918,0.9532720446586609,0.9251918435096741,0.9561900198459625,0.9817858755588531,8.885828719940037e-05,0.9089477752448079
200,BEinstG,200,False,476,452,24,60,10.201905965805054,0.9463852047920227,0.9126071929931641,0.94825080037117,0.9807933509349823,0.00010160442616324872,0.8958874693459004
200,BWG,200,False,476,452,24,60,10.185795783996582,0.9484409689903259,0.9210254788398743,0.9519906640052795,0.9832600474357605,9.788373426999897e-05,0.8996991935614193
200,DSG,200,False,476,452,24,60,10.192484855651855,0.9540097117424011,0.923916119337082,0.9582587480545044,0.9804595649242401,8.765794336795807e-05,0.9101785721215812
200,DSGVO,200,False,476,452,24,60,10.175338983535767,0.9523809552192688,0.9160086393356324,0.9553214609622955,0.9847743511199951,9.06561326701194e-05,0.9071081141433522
200,ECG,200,False,476,452,24,60,10.205660343170166,0.9509918689727783,0.9286300539970398,0.9496333003044128,0.9812944769859314,9.319197124568745e-05,0.9045097212662525
200,EKHG,200,False,476,452,24,60,10.447680950164795,0.9593285322189331,0.9348345816135406,0.9613989293575287,0.9842632353305817,7.773745892336592e-05,0.9203418336230478
200,EO,200,False,476,452,24,60,10.387850999832153,0.9527130126953125,0.9211809039115906,0.9574255347251892,0.9763978123664856,9.007514017866924e-05,0.9077005044541346
200,EStG,200,False,476,452,24,60,10.262487173080444,0.9547206163406372,0.9230053067207337,0.9579666256904602,0.9839884579181671,8.62607776070945e-05,0.9116090144066287
200,EheG,200,False,476,452,24,60,10.290628910064697,0.9581353664398193,0.9339635372161865,0.9582491517066956,0.9844548046588898,7.989207369973883e-05,0.9181328843707172
200,ElWOG,200,False,476,452,24,60,10.245562076568604,0.9528494477272034,0.9293752491474152,0.9537313878536224,0.9855661809444427,8.97589634405449e-05,0.9080254130610127
200,FAGG,200,False,476,452,24,60,10.266175985336304,0.9553287029266357,0.9295347213745118,0.959193229675293,0.9808384895324707,8.516419620718807e-05,0.9127336740985836
200,FPG,200,False,476,452,24,60,10.249504089355469,0.9482839107513428,0.9102498829364777,0.9521204829216003,0.9835234940052032,9.829407645156607e-05,0.8992780537265361
200,FSG,200,False,476,452,24,60,10.236132860183716,0.946546196937561,0.9118524491786957,0.9463243782520294,0.9788446843624115,0.00010139607911696658,0.8961002642190301
200,FinStrG,200,False,476,452,24,60,10.2585289478302,0.954156756401062,0.9190998077392578,0.9618945419788361,0.9817810177803039,8.727160457056016e-05,0.910572309619176
200,GSVG,200,False,476,452,24,60,10.2918062210083,0.955242395401001,0.9284327745437622,0.9557649493217468,0.9827705323696136,8.546371100237593e-05,0.9124266006460569
200,GewO,200,False,476,452,24,60,10.254424810409546,0.9514026641845703,0.9170572876930236,0.9589380919933319,0.9725187718868256,9.26352440728806e-05,0.9050772878327126
200,GlBG,200,False,476,452,24,60,10.243735790252686,0.9530543684959412,0.924263721704483,0.9555372297763824,0.976881992816925,8.940592670114711e-05,0.9083891132427431
200,GmbHG,200,False,476,452,24,60,10.142683029174805,0.958189070224762,0.9298934638500214,0.9596268534660339,0.98098104596138,7.986324635567144e-05,0.9181628795771379
200,GrEStG,200,False,476,452,24,60,10.181498050689697,0.9548798203468323,0.9298435568809509,0.9555028975009918,0.9818418502807618,8.60027939779684e-05,0.911871378983762
200,IG-L,200,False,476,452,24,60,10.05561089515686,0.9548577070236206,0.9175575792789459,0.9565903842449188,0.9838741779327392,8.602017624070868e-05,0.9118552661548093
200,IO,200,False,476,452,24,60,10.061686038970947,0.9568870663642883,0.9291777908802032,0.9600496888160706,0.9831454336643219,8.242973126471043e-05,0.9155317482267615
200,KAKuG,200,False,476,452,24,60,10.047738790512085,0.9440738558769226,0.9058794140815735,0.948626697063446,0.972854745388031,0.00010606411524349824,0.891317655991938
200,KBGG,200,False,476,452,24,60,10.061367988586426,0.9584648609161377,0.9343751192092895,0.9588996767997742,0.9826263189315796,7.924108649604023e-05,0.9188020824817341
200,KFG,200,False,476,452,24,60,10.064562797546387,0.9532203674316406,0.9249696671962738,0.9553956389427185,0.9885883271694184,8.900258399080485e-05,0.9088000800098078
200,KJBG,200,False,476,452,24,60,10.051123857498169,0.9634832739830017,0.9447894275188446,0.9639205038547516,0.9815464675426483,6.993345596129075e-05,0.9283400629478639
200,KSchG,200,False,476,452,24,60,10.070691108703613,0.952400267124176,0.9230252385139466,0.9530105590820312,0.9800895810127258,9.059602598426864e-05,0.9071692745327182
200,KStG,200,False,476,452,24,60,10.057008028030396,0.9435679316520691,0.9051928281784057,0.9518291056156158,0.9706074357032776,0.00010686817404348403,0.8904910330563001
200,KartG,200,False,476,452,24,60,10.05820107460022,0.9505959749221802,0.9238378524780273,0.9529932141304016,0.9788610577583313,9.384859731653705e-05,0.9038325484677657
200,KommStG,200,False,476,452,24,59,10.102477073669434,0.9526735544204712,0.9206059813499451,0.9558441638946533,0.9794329047203064,9.002754813991487e-05,0.9077478700524981
200,MRG,200,False,476,452,24,59,10.05650806427002,0.9474303722381592,0.9088003396987915,0.9531250596046448,0.9771164298057556,9.967506775865331e-05,0.8978624142784013
200,MSchG,200,False,476,452,24,59,10.054780006408691,0.9586499333381653,0.9260378241539001,0.9627287983894348,0.9816421389579773,7.892739085946232e-05,0.9191237616424421
200,MeldeG,200,False,476,452,24,59,10.073483943939209,0.9548823833465576,0.9177621722221374,0.9623236060142517,0.9837161660194397,8.595568215241656e-05,0.9119221779750389
200,NAG,200,False,476,452,24,59,10.057577133178711,0.9531601667404175,0.9226163148880004,0.9575697183609009,0.9849526405334472,8.911002078093588e-05,0.9086892285992958
200,NoVAG,200,False,476,452,24,59,10.047747135162354,0.9535582661628723,0.9254365682601928,0.9558447003364563,0.9790407061576843,8.854853513184935e-05,0.9092643985381934
200,PSG,200,False,476,452,24,59,10.053330898284912,0.9436012506484985,0.9123469591140747,0.9475926756858826,0.9671143770217896,0.00010685105371521786,0.8905103065713001
200,PatG,200,False,476,452,24,59,10.06252908706665,0.9535927772521973,0.9152615904808045,0.9588295221328735,0.97941654920578,8.832682942738757e-05,0.9094934210794475
200,SH-GG,200,False,476,452,24,59,10.04974102973938,0.9609408378601074,0.937471580505371,0.9636327624320984,0.9881885409355163,7.470308628398925e-05,0.9234514756717769
200,SMG,200,False,476,452,24,59,10.064740896224976,0.9518199563026428,0.9204899787902832,0.9600501656532288,0.9781578898429871,9.158672037301585e-05,0.906152045071172
200,SPG,200,False,476,452,24,59,10.06506085395813,0.9512314200401306,0.916720700263977,0.951717734336853,0.9785279989242553,9.280371887143701e-05,0.9049058266045981
200,SchUG,200,False,476,452,24,59,10.056840896606445,0.9466972947120667,0.913745892047882,0.9507291316986084,0.9785224676132203,0.00010130203736480325,0.8961982547435686
200,StGB,200,False,476,452,24,59,10.062276124954224,0.9390069246292114,0.9080851078033447,0.9409393072128296,0.9742949962615967,0.0001154141136794351,0.8817400469017412
200,StPO,200,False,476,452,24,59,10.07026481628418,0.961412787437439,0.9355323791503907,0.9628499746322632,0.9845180630683898,7.378806913038716e-05,0.9243898497867823
200,StVO,200,False,476,452,24,59,10.055980920791626,0.9689419865608215,0.9464539527893067,0.9717121124267578,0.9899428725242615,5.958533438388258e-05,0.9389424032190369
200,StbG,200,False,476,452,24,59,10.076673984527588,0.9509837627410889,0.9169845819473267,0.9506629109382629,0.9823662519454956,9.303350088885054e-05,0.9046684241609647
200,TKG,200,False,476,452,24,59,10.06378436088562,0.9585855603218079,0.940247654914856,0.9562911987304688,0.9824445605278015,7.904193626018241e-05,0.9190075204417003
200,TSchG,200,False,476,452,24,59,10.05332612991333,0.9590418338775635,0.9271041035652161,0.9649980664253235,0.9887892961502075,7.811786781530827e-05,0.9199544347052179
200,UG,200,False,476,452,24,59,10.053814172744751,0.9502646923065186,0.9066169857978821,0.9518269896507263,0.9862965822219849,9.447973570786417e-05,0.9031887821368626
200,UGB,200,False,476,452,24,59,10.066817998886108,0.9523327350616455,0.929305624961853,0.9547550082206726,0.9789929389953613,9.08657893887721e-05,0.9068888894280617
200,UStG,200,False,476,452,24,59,10.058651685714722,0.9472760558128357,0.9135283350944519,0.9501632452011108,0.9752164840698242,0.00010010840196628124,0.8974183619583166
200,UVP-G,200,False,476,452,24,59,10.06058406829834,0.9525942206382751,0.925042188167572,0.9519667029380798,0.9829265832901001,9.045471233548597e-05,0.9073113649459478
200,UWG,200,False,476,452,24,59,10.060724020004272,0.9538976550102234,0.9297874331474304,0.954535961151123,0.9825730323791504,8.782801160123199e-05,0.9100047003532867
200,UrhG,200,False,476,452,24,59,10.05551528930664,0.9506668448448181,0.9194640636444091,0.955707311630249,0.9782636165618896,9.396128734806553e-05,0.9037210522784643
200,UrlG,200,False,476,452,24,59,10.056763172149658,0.9532166123390198,0.914241361618042,0.957468569278717,0.9835573196411133,8.906858420232311e-05,0.9087327271841482
200,VKG,200,False,476,452,24,59,10.110118865966797,0.9674513339996338,0.9473846793174744,0.9681625962257385,0.9865656018257141,6.246304837986827e-05,0.9359947141499563
200,VStG,200,False,476,452,24,59,10.056027173995972,0.961489737033844,0.9424892902374268,0.9621244072914124,0.9828078269958496,7.381931936834008e-05,0.9243560451782566
200,VbVG,200,False,476,452,24,59,10.058435916900635,0.9546380639076233,0.9146216988563538,0.956828773021698,0.9862493872642517,8.62733504618518e-05,0.9115947054550612
200,VerG,200,False,476,452,24,59,10.055429935455322,0.9516632556915283,0.9226289987564087,0.9562909603118896,0.9744577407836914,9.211713040713221e-05,0.9056075237698534
200,VersG,200,False,476,452,24,59,10.062366962432861,0.944487988948822,0.908864164352417,0.9436258673667908,0.975552773475647,0.00010543206735746935,0.8919659997110554
200,VersVG,200,False,476,452,24,59,10.069671869277954,0.9534103870391846,0.9226761937141419,0.9545599818229675,0.9838387608528137,8.878308290150017e-05,0.9090249193667402
200,VfGG,200,False,476,452,24,59,10.056094884872437,0.9468926191329956,0.9105198621749878,0.9506858587265015,0.9775652289390564,0.00010060786007670686,0.8969068854897685
200,VwGG,200,False,476,452,24,59,10.056618928909302,0.9543320536613464,0.9233417630195617,0.955281138420105,0.9858287811279297,8.711592090548947e-05,0.9107307360017112
200,VwGVG,200,False,476,452,24,59,10.051445960998535,0.9619842767715454,0.9317255735397338,0.966128408908844,0.9842328310012818,7.266056491062045e-05,0.9255443519976314
200,WEG,200,False,476,452,24,59,10.05522608757019,0.9575416445732117,0.9297674536705017,0.9628241658210754,0.9807497978210449,8.110503404168412e-05,0.916890252416169
200,WGG,200,False,476,452,24,59,10.062076807022095,0.9539514780044556,0.9265841126441956,0.9574368000030518,0.9772736668586731,8.809589053271338e-05,0.9097281117287959
200,WRG,200,False,476,452,24,59,10.051195859909058,0.9510582685470581,0.9073850631713867,0.954144299030304,0.9810991764068604,9.300646343035623e-05,0.9046954888076666
200,WaffG,200,False,476,452,24,59,10.272355794906616,0.950046718120575,0.9086265087127685,0.9509637355804443,0.9801769137382508,9.478057472733781e-05,0.9028793944551461
200,ZPO,200,False,476,452,24,59,10.608959913253784,0.950911283493042,0.9225226998329162,0.952315628528595,0.9776369333267212,9.341806435259059e-05,0.9042719626561877
200,ZustG,200,False,476,452,24,59,10.20444107055664,0.9561887383460999,0.9276351809501648,0.9532299637794495,0.9814572215080262,8.35424434626475e-05,0.91439488537844
300,ABGB,300,False,477,453,24,60,15.866261005401611,0.9483840465545654,0.9096220910549164,0.9572003483772278,0.9789011597633361,9.787668386707082e-05,0.8997085010648399
300,APG,300,False,477,453,24,60,15.456465005874634,0.958767831325531,0.9372915863990784,0.9598349332809448,0.9844522535800934,7.882868521846831e-05,0.9192235846860435
300,ASVG,300,False,477,453,24,60,15.345923900604248,0.957007110118866,0.9263654470443725,0.9611325860023499,0.982264906167984,8.210931264329702e-05,0.9158640498052953
300,AVG,300,False,477,453,24,60,15.83802080154419,0.9614186882972717,0.9341835796833038,0.9602120518684387,0.986555564403534,7.380079478025436e-05,0.9243755396770985
300,AVRAG,300,False,477,453,24,60,16.05944323539734,0.9616592526435852,0.9393365204334259,0.9622377753257751,0.9859545290470123,7.33656415832229e-05,0.9248229997511779
300,AWG,300,False,477,453,24,60,16.159703016281128,0.9568203687667847,0.9215176403522491,0.9589780271053314,0.9853374302387238,8.228309161495417e-05,0.9156841035006192
300,AZG,300,False,477,453,24,60,15.753903865814209,0.9571826457977295,0.9349162697792053,0.9595830142498016,0.9786777377128602,8.181265002349392e-05,0.9161678212464092
300,AktG,300,False,477,453,24,60,15.93904995918274,0.9572569131851196,0.9324301958084107,0.9598268866539001,0.9831946134567261,8.173447713488713e-05,0.9162467608606997
300,AlVG,300,False,477,453,24,60,20.972187995910645,0.9559173583984375,0.9156374990940094,0.9588713943958282,0.9839124321937561,8.404508116655052e-05,0.913879356091971
300,AngG,300,False,477,453,24,60,15.962362051010132,0.9575394988059998,0.9221769511699677,0.9647639095783234,0.98278529047966,8.100111153908074e-05,0.9169985374062689
300,ArbVG,300,False,477,453,24,60,15.829538106918335,0.953537106513977,0.9080739438533783,0.9570880830287933,0.9830763161182403,8.851067832438275e-05,0.9093050971355572
300,AsylG,300,False,477,453,24,60,15.761659145355225,0.9581908583641052,0.9272416234016418,0.9634552597999573,0.9840184450149536,7.994235784281045e-05,0.9180834631900008
300,AußStrG,300,False,477,453,24,60,15.850636005401611,0.9620885252952576,0.9366561353206635,0.9680783152580261,0.9855406939983368,7.259089761646464e-05,0.9256159583770416
300,AÜG,300,False,477,453,24,60,15.722815036773682,0.9552649259567261,0.918544989824295,0.9630114734172821,0.985754930973053,8.513087959727272e-05,0.9127666490943916
300,B-VG,300,False,477,453,24,60,15.534554958343506,0.9502406716346741,0.9145738005638122,0.9523675739765167,0.9797019243240357,9.467031486565247e-05,0.9029915807648027
300,BAO,300,False,477,453,24,60,16.527697324752808,0.9584389328956604,0.9279590606689453,0.9630164206027985,0.9840068519115448,7.92470236774534e-05,0.918796344825094
300,BEinstG,300,False,476,452,24,60,20.573920965194702,0.951823890209198,0.9166355311870575,0.9554413259029388,0.9837818503379822,9.146631782641634e-05,0.9062758419801444
300,BWG,300,False,476,452,24,60,16.975317001342773,0.9533005952835083,0.918735009431839,0.9598523676395416,0.9854106545448303,8.888026786735281e-05,0.9089249868208407
300,DSG,300,False,476,452,24,60,16.919775009155273,0.9579583406448364,0.9295416712760926,0.9622027277946472,0.9811324954032898,8.024393900996074e-05,0.917775559929399
300,DSGVO,300,False,476,452,24,60,16.38558292388916,0.9560925364494324,0.9221130669116974,0.9610932767391205,0.9871657133102417,8.377597259823233e-05,0.9141579529318357
300,ECG,300,False,476,452,24,60,16.57180094718933,0.9557409882545471,0.9318812906742096,0.9553136229515076,0.9828045845031739,8.438740769634023e-05,0.9135314206968016
300,EKHG,300,False,476,452,24,60,16.19882583618164,0.9633756279945374,0.9372286319732666,0.9652698636054993,0.9880367040634155,7.011582056293264e-05,0.9281517797871939
300,EO,300,False,476,452,24,60,16.696843147277832,0.9572262167930603,0.9225114762783051,0.9611358642578125,0.9854745686054229,8.156839612638578e-05,0.9164173131661957
300,EStG,300,False,476,452,24,60,16.09652090072632,0.9605743288993835,0.9244317173957824,0.9627654850482941,0.9864580810070038,7.537259807577357e-05,0.9227660828148769
300,EheG,300,False,476,452,24,60,16.096873998641968,0.9628664255142212,0.9376285672187805,0.9663885831832886,0.9860643804073334,7.104778342181817e-05,0.9271958169480048
300,ElWOG,300,False,476,452,24,60,16.070805072784424,0.9594811201095581,0.9360316276550293,0.9602005481719971,0.9875597178936004,7.739937427686527e-05,0.9206900890550777
300,FAGG,300,False,476,452,24,60,15.659334897994995,0.9595892429351807,0.9339198172092438,0.9620989263057709,0.9817816495895386,7.730083598289639e-05,0.920791125763385
300,FPG,300,False,476,452,24,60,16.374845266342163,0.9508500695228577,0.9140371024608612,0.9535521268844604,0.9837680876255035,9.355194924864918e-05,0.9041373084078567
300,FSG,300,False,476,452,24,60,15.60671091079712,0.9522833228111267,0.9199677050113678,0.9537710547447205,0.9843140721321106,9.071892418432981e-05,0.9070410586066184
300,FinStrG,300,False,476,452,24,60,16.160528898239136,0.9579192399978638,0.9229174017906189,0.9666082262992859,0.9857585251331329,8.027572766877711e-05,0.9177410236870119
300,GSVG,300,False,476,452,24,60,15.809908866882324,0.958717942237854,0.9300286710262299,0.9588445425033569,0.9861981868743896,7.898691546870396e-05,0.9190632713628256
300,GewO,300,False,476,452,24,60,16.323381900787354,0.9571549296379089,0.9258793592453003,0.9627549052238464,0.9789097011089325,8.19413544377312e-05,0.9160352434832986
300,GlBG,300,False,476,452,24,60,15.986078023910522,0.9579304456710815,0.9239996492862701,0.961224228143692,0.981836462020874,8.024229464353994e-05,0.9177787419299572
300,GmbHG,300,False,476,452,24,60,15.96581506729126,0.9625271558761597,0.9325174629688263,0.9660308659076691,0.9859420418739319,7.168235606513917e-05,0.9265459685302928
300,GrEStG,300,False,476,452,24,60,16.39156198501587,0.9590202569961548,0.9324986219406128,0.9600834548473358,0.9830193817615509,7.82386414357461e-05,0.919827450953446
300,IG-L,300,False,476,452,24,60,16.11685800552368,0.9591683745384216,0.9298443138599396,0.9612603783607483,0.9847604274749756,7.815396384103224e-05,0.919915755392571
300,IO,300,False,476,452,24,60,17.41715693473816,0.9610583782196045,0.9408918917179108,0.9640555679798126,0.9842952191829681,7.463629299309105e-05,0.9235179223650382
300,KAKuG,300,False,476,452,24,60,16.329811096191406,0.9495837688446045,0.9080766379833222,0.9539088308811188,0.9810694575309753,9.577962919138372e-05,0.9018560187223408
300,KBGG,300,False,476,452,24,60,15.861100912094116,0.9628408551216125,0.939712518453598,0.9636085629463196,0.9871302425861359,7.103940879460424e-05,0.927206296968115
300,KFG,300,False,476,452,24,60,15.648376703262329,0.95652174949646,0.925397527217865,0.960343599319458,0.9886306405067444,8.287568198284134e-05,0.915078251004433
300,KJBG,300,False,476,452,24,60,15.75794005393982,0.9666863083839417,0.9462453067302704,0.9691081643104553,0.9839686274528503,6.39008212601766e-05,0.9345216238782748
300,KSchG,300,False,476,452,24,60,16.077497243881226,0.9555907845497131,0.9243714869022369,0.9564826190471649,0.9817397475242615,8.460995741188526e-05,0.9133029988344239
300,KStG,300,False,476,452,24,60,15.837056875228882,0.9488742351531982,0.912610673904419,0.9580098688602448,0.9783928513526916,9.712143219076097e-05,0.9004786235035211
300,KartG,300,False,476,452,24,60,16.12204599380493,0.9543074369430542,0.9258132159709931,0.9581712186336517,0.9862069249153137,8.694832649780437e-05,0.9109033131680419
300,KommStG,300,False,476,452,24,59,18.221665143966675,0.9544351696968079,0.9236062169075012,0.9593446850776672,0.982334554195404,8.67513517732732e-05,0.9111050283453828
300,MRG,300,False,476,452,24,59,16.05812931060791,0.9525032639503479,0.9117866277694702,0.9612318277359009,0.9830759406089783,9.033994138007984e-05,0.9074281705539547
300,MSchG,300,False,476,452,24,59,15.39966106414795,0.9618582725524902,0.9290538430213928,0.9638327360153198,0.9846051454544067,7.290839857887477e-05,0.9252913760605308
300,MeldeG,300,False,476,452,24,59,15.293195009231567,0.9587059020996094,0.9208980917930603,0.9668917655944824,0.9856667757034302,7.883092621341348e-05,0.9192228392026449
300,NAG,300,False,476,452,24,59,15.285116910934448,0.9570973515510559,0.9203781723976135,0.9636802673339844,0.9861850142478943,8.179674478014931e-05,0.9161831185027149
300,NoVAG,300,False,476,452,24,59,15.296325206756592,0.9568638205528259,0.9254484295845031,0.9621769785881042,0.9858001828193664,8.233052358264104e-05,0.9156359844471487
300,PSG,300,False,476,452,24,59,15.286438941955566,0.9487090706825256,0.9139212489128112,0.9526729583740234,0.9773835420608521,9.735807543620467e-05,0.9002377100743898
300,PatG,300,False,476,452,24,59,15.287003993988037,0.9564523100852966,0.9163251757621765,0.9612180590629578,0.9825430870056152,8.300312765641138e-05,0.914948500798285
300,SH-GG,300,False,476,452,24,59,15.446973085403442,0.9629406929016113,0.9408805012702942,0.9648056030273438,0.9894476532936096,7.097767957020551e-05,0.9272689153950252
300,SMG,300,False,476,452,24,59,15.687772750854492,0.9561693072319031,0.9209439992904663,0.9648053050041199,0.9828242301940918,8.345322567038238e-05,0.9144863499741979
300,SPG,300,False,476,452,24,59,17.051838159561157,0.9568807482719421,0.924196183681488,0.9580521583557129,0.9803035497665405,8.226719364756718e-05,0.9157024002565181
300,SchUG,300,False,476,452,24,59,15.735130310058594,0.9519554972648621,0.9186287760734558,0.9588988423347473,0.9824702262878418,9.138984751189128e-05,0.9063550381022724
300,StGB,300,False,476,452,24,59,15.370296001434326,0.945126473903656,0.9057514786720275,0.9492149949073792,0.9804157614707947,0.00010418750753160566,0.8932434730501964
300,StPO,300,False,476,452,24,59,15.291602849960327,0.9672570824623108,0.9448476195335388,0.968931257724762,0.9884373545646667,6.278021464822814e-05,0.9356695291417007
300,StVO,300,False,476,452,24,59,15.28578495979309,0.9717484712600708,0.9516128659248352,0.977796733379364,0.989992356300354,5.430137753137387e-05,0.944356918886712
300,StbG,300,False,476,452,24,59,15.27482533454895,0.9547337293624878,0.9134209513664245,0.9574627876281738,0.9884809255599976,8.592043741373345e-05,0.9119571913157339
300,TKG,300,False,476,452,24,59,15.274773120880127,0.9625038504600525,0.9420572757720947,0.962627112865448,0.9836541771888733,7.172086770879105e-05,0.9265092561447381
300,TSchG,300,False,476,452,24,59,15.505209684371948,0.9635155200958252,0.931917130947113,0.9680545926094055,0.9897541999816895,6.981817568885162e-05,0.9284589384729742
300,UG,300,False,476,452,24,59,15.507144927978516,0.9548617005348206,0.9131229877471924,0.9594177603721619,0.9865583062171936,8.593957318225875e-05,0.9119396928510015
300,UGB,300,False,476,452,24,59,15.692856073379517,0.9566527009010315,0.9328846335411072,0.9563342928886414,0.9829066276550293,8.278428140329197e-05,0.9151700901442988
300,UStG,300,False,476,452,24,59,15.300309181213379,0.9507231712341309,0.916002893447876,0.9549164175987244,0.9796843886375427,9.376160596730188e-05,0.9039219609848597
300,UVP-G,300,False,476,452,24,59,15.275306940078735,0.9566978216171265,0.9260608673095703,0.957962691783905,0.9861728310585022,8.273146522697061e-05,0.9152253477003273
300,UWG,300,False,476,452,24,59,15.286484956741333,0.95810467004776,0.9274791121482849,0.961414635181427,0.987343430519104,7.99697227193974e-05,0.9180569020951671
300,UrhG,300,False,476,452,24,59,15.292194128036499,0.9559727907180786,0.9188179135322571,0.9608592391014099,0.9836979031562805,8.386422268813476e-05,0.9140671678557826
300,UrlG,300,False,476,452,24,59,15.2877779006958,0.956977903842926,0.9166818618774414,0.9637283086776733,0.9859017491340637,8.205546328099445e-05,0.9159189681182592
300,VKG,300,False,476,452,24,59,15.328007221221924,0.9710121154785156,0.9519297838211059,0.9718114733695984,0.9893286108970643,5.57193998247385e-05,0.9429048687713492
300,VStG,300,False,476,452,24,59,15.27438473701477,0.9641145467758179,0.9480468392372131,0.9636862277984619,0.9834399938583374,6.887515337439254e-05,0.9294224156644182
300,VbVG,300,False,476,452,24,59,15.281461000442505,0.9567181468009949,0.9223034381866455,0.9603926539421082,0.9866307139396667,8.241953037213534e-05,0.9155437598430152
300,VerG,300,False,476,452,24,59,15.282220840454102,0.9561424851417542,0.9272653222084045,0.9640215635299683,0.9808604478836059,8.374181925319135e-05,0.9141897115552213
300,VersG,300,False,476,452,24,59,15.390601873397827,0.9524692893028259,0.9214386463165283,0.9557201266288757,0.9870810389518738,9.052585664903745e-05,0.9072400787875404
300,VersVG,300,False,476,452,24,59,15.173028945922852,0.9559779167175293,0.9252293586730957,0.9587081074714661,0.985998809337616,8.40800566948019e-05,0.9138440631593072
300,VfGG,300,False,476,452,24,59,15.20206594467163,0.9517272114753723,0.9151166558265686,0.957893431186676,0.9792227387428284,9.172601858153939e-05,0.9060081302964422
300,VwGG,300,False,476,452,24,59,15.227301836013794,0.957518458366394,0.9289986491203308,0.9569753408432007,0.9860802054405212,8.120900020003319e-05,0.9167836653595509
300,VwGVG,300,False,476,452,24,59,16.656394004821777,0.9657861590385437,0.9345709562301636,0.9717212319374084,0.9883846759796142,6.550852413056418e-05,0.9328730840431075
300,WEG,300,False,476,452,24,59,16.33856511116028,0.9628270864486694,0.9351236343383789,0.9680610299110413,0.9820589423179626,7.120947702787817e-05,0.9270304010192767
300,WGG,300,False,476,452,24,59,16.382822036743164,0.9602258205413818,0.9400534868240357,0.9616253972053528,0.9835102558135986,7.639093382749707e-05,0.9217221844229844
300,WRG,300,False,476,452,24,59,16.280530214309692,0.9535330533981323,0.9078879237174988,0.9607917666435242,0.9812937140464782,8.836448250804096e-05,0.9094521649894218
300,WaffG,300,False,476,452,24,59,16.344682931900024,0.9540902376174927,0.9166821360588073,0.9589980244636536,0.9846278309822083,8.728865213925019e-05,0.9105562840347081
300,ZPO,300,False,476,452,24,59,17.116599798202515,0.9542890191078186,0.9253142356872559,0.9571518301963806,0.9852154016494751,8.71492302394472e-05,0.9106958087269668
300,ZustG,300,False,476,452,24,59,15.503492832183838,0.9600723385810852,0.9328924417495728,0.9591971635818481,0.9851112723350525,7.636865484528244e-05,0.9217457951822196
400,ABGB,400,False,477,453,24,60,21.316079139709473,0.9507390260696411,0.9111081302165985,0.957146555185318,0.9828363180160522,9.349043102702126e-05,0.9042029764621866
400,APG,400,False,477,453,24,60,20.390032052993774,0.961169421672821,0.9398661494255066,0.9618582129478455,0.9858123898506165,7.430415280396119e-05,0.9238599143886024
400,ASVG,400,False,477,453,24,60,20.04297709465027,0.9583749771118164,0.9263360142707825,0.9629391133785248,0.9827028691768647,7.95453306636773e-05,0.9184913120918418
400,AVG,400,False,477,453,24,60,20.105715036392212,0.9628280997276306,0.9358402550220489,0.9638532400131226,0.9898118019104004,7.107775309123099e-05,0.9271658675055663
400,AVRAG,400,False,477,453,24,60,20.09951877593994,0.9631445407867432,0.941538393497467,0.9645960032939911,0.987111508846283,7.060331699904054e-05,0.9276535261323966
400,AWG,400,False,477,453,24,60,20.088262796401978,0.9591854214668274,0.9269618272781373,0.9651161730289459,0.9869340419769287,7.792092947056517e-05,0.9201540382288408
400,AZG,400,False,477,453,24,60,20.03734517097473,0.9588528275489807,0.9361049711704255,0.9622348248958588,0.9808451533317566,7.865746010793373e-05,0.9194008952973983
400,AktG,400,False,477,453,24,60,20.07195520401001,0.9602035880088806,0.9329805970191956,0.9614361226558685,0.987730884552002,7.614643254783005e-05,0.9219728243131562
400,AlVG,400,False,477,453,24,60,20.141419887542725,0.956306517124176,0.9159497320652008,0.9581047594547272,0.9842692852020264,8.330855780513957e-05,0.9146340660387268
400,AngG,400,False,477,453,24,60,20.056659936904907,0.9586281180381775,0.9221326828002929,0.9662729501724243,0.9859795331954956,7.891166023910046e-05,0.9191395903808679
400,ArbVG,400,False,477,453,24,60,20.03557825088501,0.9556843638420105,0.9072510302066803,0.9588093459606171,0.9846785545349122,8.444363629678264e-05,0.9134725007379961
400,AsylG,400,False,477,453,24,60,20.025825023651123,0.9604855179786682,0.9282479166984559,0.9660816490650177,0.9849692404270172,7.565694977529347e-05,0.9224746947300004
400,AußStrG,400,False,477,453,24,60,20.027530908584595,0.9643011689186096,0.9385351240634918,0.9688283205032349,0.9907919347286225,6.844521703897044e-05,0.9298640467305227
400,AÜG,400,False,477,453,24,60,20.035202980041504,0.9561580419540405,0.9187700688838959,0.9627914428710938,0.9858595788478851,8.347649418283254e-05,0.914461893293664
400,B-VG,400,False,477,453,24,60,20.079987049102783,0.9520631432533264,0.9140477538108825,0.9550387561321259,0.9813340723514556,9.125781070906669e-05,0.906488366220603
400,BAO,400,False,477,453,24,60,20.56691288948059,0.9598627090454102,0.927943354845047,0.9663346111774445,0.984075927734375,7.658249523956329e-05,0.9215266622869869
400,BEinstG,400,False,476,452,24,60,20.056190013885498,0.9532908797264099,0.9222968935966491,0.9558086693286896,0.986186045408249,8.878018707036972e-05,0.9090282772895446
400,BWG,400,False,476,452,24,60,20.030325889587402,0.9542726874351501,0.9199164092540741,0.9593551456928253,0.985510277748108,8.710575639270246e-05,0.9107433163561924
400,DSG,400,False,476,452,24,60,20.05122995376587,0.9592388272285461,0.9292943000793457,0.9639387726783752,0.9827724456787109,7.783942419337109e-05,0.9202394255138967
400,DSGVO,400,False,476,452,24,60,20.05319619178772,0.9576618075370789,0.9239629447460175,0.9622595012187958,0.987399560213089,8.081611304078251e-05,0.9171908082079183
400,ECG,400,False,476,452,24,60,20.02474594116211,0.9568439722061157,0.9317040205001831,0.9565605223178864,0.9840263187885284,8.233961125370115e-05,0.915629723541282
400,EKHG,400,False,476,452,24,60,20.08270502090454,0.9644981026649475,0.9379283726215363,0.967515379190445,0.9883966147899628,6.797024252591655e-05,0.9303503729980154
400,EO,400,False,476,452,24,60,20.072767972946167,0.9582310914993286,0.9225513458251953,0.9644289016723633,0.9857938468456269,7.96795284259133e-05,0.918352827462562
400,EStG,400,False,476,452,24,60,20.02837300300598,0.9612711668014526,0.923611330986023,0.9646201431751251,0.9880943715572357,7.415586151182652e-05,0.9240128641269456
400,EheG,400,False,476,452,24,60,20.02830410003662,0.9645619988441467,0.9387028694152832,0.9690211713314056,0.9882258176803589,6.77908756188117e-05,0.9305332371097893
400,ElWOG,400,False,476,452,24,60,20.04380226135254,0.9611794352531433,0.9358298718929291,0.9631798565387726,0.9874986052513123,7.424005161738023e-05,0.923927392035876
400,FAGG,400,False,476,452,24,60,20.039353132247925,0.961342453956604,0.9378429114818573,0.9629091024398804,0.9830753624439239,7.4024785135407e-05,0.9241480407493197
400,FPG,400,False,476,452,24,60,20.06056785583496,0.9520326256752014,0.9152390718460083,0.9562917053699493,0.983773934841156,9.138743189396337e-05,0.9063552900280406
400,FSG,400,False,476,452,24,60,20.031076669692993,0.9532301425933838,0.9151799023151398,0.9539931416511536,0.9851350963115693,8.894586790120229e-05,0.9088578904976581
400,FinStrG,400,False,476,452,24,60,20.06878924369812,0.9594563841819763,0.9312467694282531,0.9656060039997101,0.9871817231178284,7.737027044640854e-05,0.9207182669572584
400,GSVG,400,False,476,452,24,60,20.08039402961731,0.9599301815032959,0.9313198685646057,0.9601897299289703,0.9853407740592957,7.670596096431836e-05,0.9214005337278843
400,GewO,400,False,476,452,24,60,20.03571581840515,0.9578394293785095,0.9242886543273926,0.9644117057323456,0.9795044124126434,8.067678572842851e-05,0.9173310350974724
400,GlBG,400,False,476,452,24,60,20.07896327972412,0.9591026902198792,0.923777025938034,0.9671172797679901,0.9823513448238372,7.801247556926683e-05,0.9200635535652859
400,GmbHG,400,False,476,452,24,60,20.063380002975464,0.9637266397476196,0.9319825351238251,0.9662383198738098,0.9860028803348542,6.940877210581675e-05,0.9288757451413713
400,GrEStG,400,False,476,452,24,60,20.067386150360107,0.9598531126976013,0.9312159717082977,0.9615494310855865,0.9867006957530975,7.66658122302033e-05,0.9214391535027763
400,IG-L,400,False,476,452,24,60,20.034992933273315,0.961119532585144,0.9336562693119049,0.9638106226921082,0.9862754881381989,7.445686787832528e-05,0.9237041701446502
400,IO,400,False,476,452,24,60,20.048550844192505,0.9619916677474976,0.9419391989707947,0.9674206972122192,0.9854507327079773,7.292161171790212e-05,0.9252750083999107
400,KAKuG,400,False,476,452,24,60,20.180574893951416,0.9504283666610718,0.9087722063064575,0.9537017345428467,0.9812383592128754,9.420794231118634e-05,0.9034665007647225
400,KBGG,400,False,476,452,24,60,20.070186138153076,0.963855504989624,0.9405536949634552,0.96617591381073,0.9869884073734283,6.914658297318965e-05,0.9291458674993608
400,KFG,400,False,476,452,24,60,20.043241262435913,0.9576605558395386,0.9253756463527679,0.960574597120285,0.9904430150985718,8.074838842730969e-05,0.9172580586055301
400,KJBG,400,False,476,452,24,60,20.044975996017456,0.967573881149292,0.9496141970157623,0.9692128896713257,0.9846378862857819,6.222890078788623e-05,0.9362348213876154
400,KSchG,400,False,476,452,24,60,20.035866022109985,0.9571732878684998,0.9238831460475921,0.9585419297218323,0.9836778104305267,8.172628440661356e-05,0.9162577988978146
400,KStG,400,False,476,452,24,60,20.040539979934692,0.9511557817459106,0.9138797104358674,0.9601307809352875,0.9788843989372253,9.28804583963938e-05,0.9048243925808626
400,KartG,400,False,476,452,24,60,20.03777313232422,0.9549234509468079,0.9254720509052277,0.9595568776130676,0.9862812697887421,8.579550194554031e-05,0.9120846276754597
400,KommStG,400,False,476,452,24,59,20.029665231704712,0.9573395252227783,0.9273205637931824,0.9617847204208374,0.9837036609649659,8.14389786683023e-05,0.9165486633479514
400,MRG,400,False,476,452,24,59,20.056480169296265,0.9537307620048523,0.9125675559043884,0.9626302719116211,0.9829868197441101,8.806894038571045e-05,0.9097552751553974
400,MSchG,400,False,476,452,24,59,20.04753279685974,0.963249921798706,0.9320159673690795,0.9644846320152283,0.9850562334060669,7.0336383942049e-05,0.9279268962323315
400,MeldeG,400,False,476,452,24,59,20.04990315437317,0.9595847129821777,0.9227046489715576,0.9643949866294861,0.9895551800727844,7.720304711256176e-05,0.9208909022974747
400,NAG,400,False,476,452,24,59,20.043548822402954,0.9581926465034485,0.9177521109580994,0.9650777578353882,0.9872252106666565,7.974217442097142e-05,0.9182884289085612
400,NoVAG,400,False,476,452,24,59,20.0402991771698,0.9587037563323975,0.9241754055023194,0.9646602272987366,0.987694239616394,7.891908899182454e-05,0.9191316784015263
400,PSG,400,False,476,452,24,59,20.035655975341797,0.9498727321624756,0.9127945899963379,0.9539777040481567,0.9797645568847656,9.523062908556312e-05,0.9024176949773528
400,PatG,400,False,476,452,24,59,20.038819074630737,0.9579750299453735,0.9138424873352051,0.964620053768158,0.9841172456741333,8.015523781068623e-05,0.9178666713594796
400,SH-GG,400,False,476,452,24,59,20.046488046646118,0.9633010625839233,0.9392402052879334,0.9655418395996094,0.9894198298454284,7.032695430098101e-05,0.927935716810875
400,SMG,400,False,476,452,24,59,20.050929069519043,0.9576027393341064,0.9225384950637817,0.9662542343139648,0.9829704999923706,8.080164843704551e-05,0.9172033942223932
400,SPG,400,False,476,452,24,59,20.15400719642639,0.9584273099899292,0.9279195904731751,0.9610214233398438,0.9826896667480469,7.937088957987726e-05,0.9186701854651036
400,SchUG,400,False,476,452,24,59,20.03902792930603,0.9530177116394043,0.9185693144798279,0.959149181842804,0.9841265201568603,8.937871461967006e-05,0.908415800266765
400,StGB,400,False,476,452,24,59,20.08086395263672,0.9470900893211365,0.9089389204978943,0.9524133205413818,0.9803708553314209,0.00010055352322524413,0.8969670597659805
400,StPO,400,False,476,452,24,59,20.049658060073853,0.9682447910308838,0.9450045704841614,0.9706587791442871,0.9907323360443115,6.0935679357498884e-05,0.9375596126560314
400,StVO,400,False,476,452,24,59,20.038074731826782,0.9724935293197632,0.9529974460601807,0.9787985682487488,0.9916162610054016,5.2897175919497386e-05,0.9457958161410313
400,StbG,400,False,476,452,24,59,20.041339874267578,0.9550737738609314,0.9059343695640564,0.9576454758644104,0.9909810185432434,8.530321065336466e-05,0.9125896599008819
400,TKG,400,False,476,452,24,59,20.035604000091553,0.9634479880332947,0.9460558295249939,0.9601392149925232,0.9857687711715698,6.994205614319071e-05,0.9283319626924291
400,TSchG,400,False,476,452,24,59,20.07910919189453,0.9634414911270142,0.9322500467300415,0.9647470712661743,0.990565550327301,7.00047894497402e-05,0.9282677217113224
400,UG,400,False,476,452,24,59,20.12529492378235,0.956156313419342,0.9140493035316467,0.9633923172950745,0.9862748265266419,8.351376163773239e-05,0.9144253658238656
400,UGB,400,False,476,452,24,59,20.104407787322998,0.9580405354499817,0.9340170383453369,0.9561375975608826,0.9837356328964233,8.021802204893902e-05,0.9177997625483032
400,UStG,400,False,476,452,24,59,20.127663135528564,0.9523673057556152,0.9214685559272766,0.9554656744003296,0.9810271620750427,9.071036038221791e-05,0.9070485853702217
400,UVP-G,400,False,476,452,24,59,20.03753900527954,0.9586158990859985,0.9310508251190186,0.961645781993866,0.9849849104881286,7.915573223726824e-05,0.9188893902050351
400,UWG,400,False,476,452,24,59,20.03713083267212,0.9605299830436707,0.9290074348449707,0.9642001390457153,0.9871361494064331,7.542108505731449e-05,0.9227177892358999
400,UrhG,400,False,476,452,24,59,20.059508085250854,0.9576413035392761,0.9180018424987793,0.9621800184249878,0.9871791720390319,8.072114724200219e-05,0.9172877750447208
400,UrlG,400,False,476,452,24,59,20.027533054351807,0.9581462144851685,0.9153097152709961,0.964145302772522,0.9868857979774475,7.986630225786939e-05,0.918162168899618
400,VKG,400,False,476,452,24,59,20.04776406288147,0.9718913435935974,0.951124393939972,0.9723227620124817,0.9909846425056458,5.4042502597440034e-05,0.9446231695548081
400,VStG,400,False,476,452,24,59,20.050431966781616,0.9652321338653564,0.9493547201156616,0.9653021693229675,0.9841696381568908,6.672005110885948e-05,0.9316307887755072
400,VbVG,400,False,476,452,24,59,20.086390018463135,0.9576382637023926,0.9228141665458679,0.9621998071670532,0.98582444190979,8.068133320193738e-05,0.9173249084467361
400,VerG,400,False,476,452,24,59,20.055729150772095,0.9578119516372681,0.9262241840362548,0.9659789800643921,0.9811435461044311,8.062400593189523e-05,0.9173845387547892
400,VersG,400,False,476,452,24,59,20.037518978118896,0.9540206789970398,0.9234315633773804,0.9558789134025574,0.9878365159034729,8.761006029089913e-05,0.9102278343564685
400,VersVG,400,False,476,452,24,59,20.030757188796997,0.9570696949958801,0.9259083151817322,0.959513247013092,0.9896330952644348,8.202678145607933e-05,0.9159480314265748
400,VfGG,400,False,476,452,24,59,20.042855739593506,0.9529207944869995,0.9154820203781128,0.9602614045143127,0.9828998923301697,8.946528396336362e-05,0.9083247060959398
400,VwGG,400,False,476,452,24,59,20.13094687461853,0.958916187286377,0.929533576965332,0.9612579345703125,0.9876604914665222,7.853604620322585e-05,0.9195226867418189
400,VwGVG,400,False,476,452,24,59,20.055618047714233,0.9664568305015564,0.9342669367790222,0.9718172550201416,0.9883816719055176,6.423114973586053e-05,0.9341820177002189
400,WEG,400,False,476,452,24,59,20.068285942077637,0.963243305683136,0.937272822856903,0.9678629040718079,0.9850532412528992,7.038478361209854e-05,0.9278754794520017
400,WGG,400,False,476,452,24,59,20.077741146087646,0.9618917107582092,0.9402239799499512,0.9638670682907104,0.984666621685028,7.319372525671497e-05,0.9249983711749138
400,WRG,400,False,476,452,24,59,20.085336208343506,0.9549310207366943,0.9157409191131591,0.9624989032745361,0.98309828042984,8.576860273024067e-05,0.9121121853067097
400,WaffG,400,False,476,452,24,59,20.04650616645813,0.9548439979553223,0.919292402267456,0.9595698118209839,0.9843859910964966,8.594765677116811e-05,0.9119303857888573
400,ZPO,400,False,476,452,24,59,20.044312238693237,0.9546038508415222,0.9234886050224305,0.9576196670532227,0.9835115194320678,8.668099326314405e-05,0.9111756211486655
400,ZustG,400,False,476,452,24,59,20.05013918876648,0.9608087539672852,0.93145672082901,0.9612118601799011,0.9844804883003235,7.49722748878412e-05,0.9231766560473289
